{
  "id": "a2edd7cf-ddf6-44cb-879d-65865a4a6226",
  "generation": 3,
  "iteration": 6,
  "current_iteration": 10,
  "metrics": {
    "combined_score": 10960.94614887157,
    "score": 10960.94614887157,
    "geomean_us": 91.233,
    "pass_rate": 1.0
  },
  "language": "python",
  "timestamp": 1781642822.967152,
  "saved_at": 1781642973.196439
}