{
  "id": "529b36e6-a53b-4236-b54c-da96be245d6c",
  "generation": 1,
  "iteration": 17,
  "timestamp": 1781643173.2559388,
  "parent_id": "c8243b94-ecc4-4496-9b99-ffa434d55429",
  "metrics": {
    "combined_score": 11784.25387996559,
    "score": 11784.25387996559,
    "geomean_us": 84.859,
    "pass_rate": 1.0
  },
  "language": "python",
  "saved_at": 1781643431.4600823
}