{
  "id": "c8243b94-ecc4-4496-9b99-ffa434d55429",
  "generation": 0,
  "iteration": 0,
  "current_iteration": 5,
  "metrics": {
    "combined_score": 10618.642088049779,
    "score": 10618.642088049779,
    "geomean_us": 94.174,
    "pass_rate": 1.0
  },
  "language": "python",
  "timestamp": 1781642601.9375625,
  "saved_at": 1781642793.2882063
}